Data,Otwarcie,Najwyzszy,Najnizszy,Zamkniecie,Wolumen
2020-09-15,3407.73,3419.48,3389.25,3401.2,2482063450
2020-09-16,3411.23,3428.92,3384.45,3385.49,2860737276
2020-09-17,3346.86,3375.17,3328.82,3357.01,2739627914
2020-09-18,3357.38,3362.27,3292.4,3319.47,4080814747
2020-09-21,3285.57,3285.57,3229.1,3281.06,2996245686
2020-09-22,3295.75,3320.31,3270.95,3315.57,2388040936
2020-09-23,3320.11,3323.35,3232.57,3236.92,2481367969
2020-09-24,3226.14,3278.7,3209.45,3246.59,2414616135
2020-09-25,3236.66,3306.88,3228.44,3298.46,2201331092
2020-09-28,3333.9,3360.74,3332.91,3351.6,2218484960
2020-09-29,3350.92,3357.92,3327.54,3335.47,1947640906
2020-09-30,3341.21,3393.56,3340.47,3363,2621466321
2020-10-01,3385.87,3397.18,3361.39,3380.8,2354422841
2020-10-02,3338.94,3369.1,3323.69,3348.42,2354722287
2020-10-05,3367.27,3409.57,3367.27,3408.6,2040745749
2020-10-06,3408.74,3431.56,3354.54,3360.97,2551091954
2020-10-07,3384.56,3426.26,3384.56,3419.44,2084054405
2020-10-08,3434.28,3447.28,3428.15,3446.83,2094828307
2020-10-09,3459.67,3482.34,3458.07,3477.14,2209050833
2020-10-12,3500.02,3549.85,3499.61,3534.22,2240199001
2020-10-13,3534.01,3534.01,3500.86,3511.93,2358329289
2020-10-14,3515.47,3527.94,3480.55,3488.67,2173872805
2020-10-15,3453.72,3489.08,3440.89,3483.34,2007238547
2020-10-16,3493.5,3515.76,3480.45,3483.81,2213545513
2020-10-19,3493.66,3502.42,3419.93,3426.92,2185827606
2020-10-20,3439.38,3476.93,3435.65,3443.12,2114290333
2020-10-21,3439.91,3464.86,3433.06,3435.56,2067107215
2020-10-22,3438.5,3460.53,3415.34,3453.49,2402859482
2020-10-23,3464.9,3466.46,3440.45,3465.39,2155522498
2020-10-26,3441.42,3441.42,3364.86,3400.97,2435786612
2020-10-27,3403.15,3409.51,3388.71,3390.68,2395101697
2020-10-28,3342.48,3342.48,3268.89,3271.03,3147943500
2020-10-29,3277.17,3341.05,3259.82,3310.11,2752625684
2020-10-30,3293.59,3304.93,3233.94,3269.96,3003852681
2020-11-02,3296.2,3330.14,3279.74,3310.24,2525535542
2020-11-03,3336.25,3389.49,3336.25,3369.16,2329577555
2020-11-04,3406.46,3486.25,3405.17,3443.44,2901095649
2020-11-05,3485.74,3529.05,3485.74,3510.45,2559015385
2020-11-06,3508.34,3521.58,3484.34,3509.44,2167007972
2020-11-09,3583.04,3645.99,3547.48,3550.5,5061429532
2020-11-10,3543.26,3557.22,3511.91,3545.53,3455507092
2020-11-11,3563.22,3581.16,3557,3572.66,2515389885
2020-11-12,3562.67,3569.02,3518.58,3537.01,2414732971
2020-11-13,3552.57,3593.66,3552.57,3585.15,2276724987
2020-11-16,3600.16,3628.51,3600.16,3626.91,2864430679
2020-11-17,3610.31,3623.11,3588.68,3609.53,2343226894
2020-11-18,3612.09,3619.09,3567.33,3567.79,2667939337
2020-11-19,3559.41,3585.22,3543.84,3581.87,2246332374
2020-11-20,3579.31,3581.23,3556.85,3557.54,2212968548
2020-11-23,3566.82,3589.81,3552.77,3577.59,2493130026
2020-11-24,3594.52,3642.31,3594.52,3635.41,3170708990
2020-11-25,3635.5,3635.5,3617.76,3629.65,2305668031
2020-11-27,3638.55,3644.31,3629.33,3638.35,1229199673
2020-11-30,3634.18,3634.18,3594.39,3621.63,3644157125
2020-12-01,3645.87,3678.45,3645.87,3662.45,2637657489
2020-12-02,3653.78,3670.96,3644.84,3669.01,2382771239
2020-12-03,3668.28,3682.73,3657.17,3666.72,2642754327
2020-12-04,3670.94,3699.2,3670.94,3699.12,2591912420
2020-12-07,3694.73,3697.41,3678.88,3691.96,2340001316
2020-12-08,3683.05,3708.45,3678.83,3702.25,2264899108
2020-12-09,3705.98,3712.39,3660.54,3672.82,2756415535
2020-12-10,3659.13,3678.49,3645.18,3668.1,2412666569
2020-12-11,3656.08,3665.91,3633.4,3663.46,2308878899
2020-12-14,3675.27,3697.61,3645.84,3647.49,2541186619
2020-12-15,3666.41,3695.29,3659.62,3694.62,2529938661
2020-12-16,3696.25,3711.27,3688.57,3701.17,2267390776
2020-12-17,3713.65,3725.12,3710.87,3722.48,2192253641
2020-12-18,3722.39,3726.7,3685.84,3709.41,4246742281
2020-12-21,3684.28,3702.9,3636.48,3694.92,2605975306
2020-12-22,3698.08,3698.26,3676.16,3687.26,2208070093
2020-12-23,3693.42,3711.24,3689.28,3690.01,1845296650
2020-12-24,3694.03,3703.82,3689.32,3703.06,818784928
2020-12-28,3723.03,3740.51,3723.03,3735.36,1662609796
2020-12-29,3750.01,3756.12,3723.31,3727.04,1638287436
2020-12-30,3736.19,3744.63,3730.21,3732.04,1559327835
2020-12-31,3733.27,3760.2,3726.88,3756.07,1658919486
2021-01-04,3764.61,3769.99,3662.71,3700.65,2728583078
2021-01-05,3698.02,3737.83,3695.07,3726.86,2384682941
2021-01-06,3712.2,3783.04,3705.34,3748.14,3191178708
2021-01-07,3764.71,3811.55,3764.71,3803.79,2585186415
2021-01-08,3815.05,3826.69,3783.6,3824.68,2374809302
2021-01-11,3803.14,3817.86,3789.02,3799.61,2335918128
2021-01-12,3801.62,3810.78,3776.51,3801.19,2632132471
2021-01-13,3802.23,3820.96,3791.5,3809.84,2344888465
2021-01-14,3814.98,3823.6,3792.86,3795.54,2708930219
2021-01-15,3788.73,3788.73,3749.62,3768.25,2741656357
2021-01-19,3781.88,3804.53,3780.37,3798.91,2485142099
2021-01-20,3816.22,3859.75,3816.22,3851.85,2350471631
2021-01-21,3857.46,3861.45,3845.05,3853.07,2591055660
2021-01-22,3844.24,3852.31,3830.41,3841.47,2290691535
2021-01-25,3851.68,3859.23,3797.16,3855.36,2796458161
2021-01-26,3862.96,3870.9,3847.78,3849.62,2562368503
2021-01-27,3836.83,3836.83,3732.48,3750.77,3808384652
2021-01-28,3755.75,3830.5,3755.75,3787.38,3261772860
2021-01-29,3778.05,3778.05,3694.12,3714.24,3315454292
2021-02-01,3731.17,3784.32,3725.62,3773.86,2457573861
2021-02-02,3791.84,3843.09,3791.84,3826.31,2415604684
2021-02-03,3840.27,3847.51,3816.68,3830.17,2273801634
2021-02-04,3836.66,3872.42,3836.66,3871.74,2367356951
2021-02-05,3878.3,3894.56,3874.93,3886.83,2152289897
2021-02-08,3892.59,3915.77,3892.59,3915.59,2161333144
2021-02-09,3910.49,3918.35,3902.64,3911.23,2067393950
2021-02-10,3920.78,3931.5,3884.94,3909.88,2291313102
2021-02-11,3916.4,3925.99,3890.39,3916.38,2126812632
2021-02-12,3911.65,3937.23,3905.78,3934.83,1829607166
2021-02-16,3939.61,3950.43,3923.85,3932.59,2305147298
2021-02-17,3918.5,3933.61,3900.43,3931.33,2161952392
2021-02-18,3915.86,3921.98,3885.03,3913.97,2025989354
2021-02-19,3921.16,3930.41,3903.07,3906.71,2315685076
2021-02-22,3885.55,3902.92,3874.71,3876.5,2752794505
2021-02-23,3857.07,3895.98,3805.59,3881.37,2947617135
2021-02-24,3873.71,3928.65,3859.6,3925.43,2788164696
2021-02-25,3915.8,3925.02,3814.04,3829.34,2924371959
2021-02-26,3839.66,3861.08,3789.54,3811.15,3129018166
2021-03-01,3842.51,3914.5,3842.51,3901.82,2406893663
2021-03-02,3903.64,3906.41,3868.57,3870.29,2296374171
2021-03-03,3863.99,3874.47,3818.86,3819.72,2718938203
2021-03-04,3818.53,3843.67,3723.34,3768.47,3471696122
2021-03-05,3793.58,3851.69,3730.19,3841.94,3320705802
2021-03-08,3844.39,3881.06,3819.25,3821.35,2998653462
2021-03-09,3851.93,3903.76,3851.93,3875.44,2786916293
2021-03-10,3891.99,3917.35,3885.73,3898.81,2661081667
2021-03-11,3915.54,3960.27,3915.54,3939.34,2570250267
2021-03-12,3924.52,3944.99,3915.21,3943.34,2277434098
2021-03-15,3942.96,3970.08,3923.54,3968.94,2393441121
2021-03-16,3973.59,3981.04,3953.44,3962.71,2372381008
2021-03-17,3949.57,3983.87,3935.74,3974.12,2458783556
2021-03-18,3953.5,3969.62,3910.86,3915.46,2686354391
2021-03-19,3913.14,3930.12,3886.75,3913.1,4647053019
2021-03-22,3916.48,3955.31,3914.16,3940.59,2362949344
2021-03-23,3937.6,3949.13,3901.57,3910.52,2494379928
2021-03-24,3919.93,3942.08,3889.07,3889.14,2414378604
2021-03-25,3879.34,3919.54,3853.5,3909.52,2385059895
2021-03-26,3917.12,3978.19,3917.12,3974.54,2655374920
2021-03-29,3969.31,3981.83,3943.25,3971.09,2418405500
2021-03-30,3963.34,3968.01,3944.35,3958.55,2134267391
2021-03-31,3967.25,3994.41,3966.98,3972.89,2420427567
2021-04-01,3992.78,4020.63,3992.78,4019.87,2178187603
2021-04-05,4034.44,4083.42,4034.44,4077.91,2241318486
2021-04-06,4075.57,4086.23,4068.14,4073.94,2147071522
2021-04-07,4074.29,4083.13,4068.31,4079.95,1963233249
2021-04-08,4089.95,4098.19,4082.54,4097.17,2011933177
2021-04-09,4096.11,4129.48,4095.51,4128.8,1880708120
2021-04-12,4124.71,4131.76,4114.82,4127.99,1923094540
2021-04-13,4130.1,4148,4124.43,4141.59,2060718961
2021-04-14,4141.58,4151.69,4120.87,4124.66,2092018943
2021-04-15,4139.76,4173.49,4139.76,4170.42,2130933628
2021-04-16,4174.14,4191.31,4170.75,4185.47,2205786949
2021-04-19,4179.8,4180.81,4150.47,4163.26,1999877307
2021-04-20,4159.18,4159.18,4118.38,4134.94,2292083378
2021-04-21,4128.42,4175.02,4126.35,4173.42,2126513143
2021-04-22,4170.46,4179.57,4123.69,4134.98,2392241341
2021-04-23,4138.78,4194.17,4138.78,4180.17,2008642236
2021-04-26,4185.03,4194.19,4182.36,4187.62,1937952599
2021-04-27,4188.25,4193.35,4176.22,4186.72,2034702320
2021-04-28,4185.14,4201.53,4181.78,4183.18,2145349329
2021-04-29,4206.14,4218.78,4176.81,4211.47,2502878449
2021-04-30,4198.1,4198.1,4174.85,4181.17,2428162998
2021-05-03,4191.98,4209.39,4188.03,4192.66,2182103434
2021-05-04,4179.04,4179.04,4128.59,4164.66,2552420121
2021-05-05,4177.06,4187.72,4160.94,4167.59,1769152889
2021-05-06,4169.14,4202.7,4147.33,4201.62,2239080813
2021-05-07,4210.34,4238.04,4201.64,4232.6,2048519190
2021-05-10,4228.29,4236.39,4188.13,4188.43,2320014566
2021-05-11,4150.34,4162.04,4111.53,4152.1,2432749321
2021-05-12,4130.55,4134.73,4056.88,4063.04,2406683784
2021-05-13,4074.99,4131.58,4074.99,4112.5,2163353723
2021-05-14,4129.58,4183.13,4129.58,4173.85,1904970402
2021-05-17,4169.92,4171.92,4142.69,4163.29,2278897644
2021-05-18,4165.94,4169.15,4125.99,4127.83,2324677838
2021-05-19,4098.45,4116.93,4061.41,4115.68,2414067271
2021-05-20,4121.97,4172.8,4121.97,4159.12,2159532191
2021-05-21,4168.61,4188.72,4151.72,4155.86,2196798084
2021-05-24,4170.16,4209.52,4170.16,4197.05,1848676717
2021-05-25,4205.94,4213.42,4182.52,4188.13,2117333013
2021-05-26,4191.59,4202.61,4184.11,4195.99,2087338274
2021-05-27,4201.94,4213.38,4197.78,4200.88,3407781249
2021-05-28,4210.77,4218.36,4203.57,4204.11,1958464949
2021-06-01,4216.52,4234.12,4197.59,4202.04,2096973335
2021-06-02,4206.82,4217.37,4198.27,4208.12,2028836814
2021-06-03,4191.43,4204.39,4167.93,4192.85,2194432214
2021-06-04,4206.05,4233.45,4206.05,4229.89,1872715862
2021-06-07,4229.34,4232.34,4215.66,4226.52,1745172301
2021-06-08,4233.81,4236.74,4208.41,4227.26,2109263760
2021-06-09,4232.99,4237.09,4218.74,4219.55,1792953976
2021-06-10,4228.56,4249.74,4220.34,4239.18,1949114428
2021-06-11,4242.9,4248.38,4232.25,4247.44,1679469973
2021-06-14,4248.31,4255.59,4234.07,4255.15,1846240506
2021-06-15,4255.28,4257.16,4238.35,4246.59,1830754386
2021-06-16,4248.87,4251.89,4202.45,4223.7,2220452064
2021-06-17,4220.37,4232.29,4196.05,4221.86,2583091087
2021-06-18,4204.78,4204.78,4164.4,4166.45,3608789593
2021-06-21,4173.4,4226.24,4173.4,4224.79,2040521589
2021-06-22,4224.61,4255.84,4217.27,4246.44,1786553582
2021-06-23,4249.27,4256.6,4241.43,4241.84,1771820909
2021-06-24,4256.97,4271.28,4256.97,4266.49,1871426376
2021-06-25,4274.45,4286.12,4271.16,4280.7,2751790926
2021-06-28,4284.9,4292.14,4274.67,4290.61,1992399601
2021-06-29,4293.21,4300.52,4287.04,4291.8,1830630923
2021-06-30,4290.65,4302.43,4287.96,4297.5,1949896699
2021-07-01,4300.73,4320.66,4300.73,4319.94,1803458464
2021-07-02,4326.6,4355.43,4326.6,4352.34,1535619737
2021-07-06,4356.46,4356.46,4314.37,4343.54,2075709900
2021-07-07,4351.01,4361.88,4329.79,4358.13,1932877201
2021-07-08,4321.07,4330.88,4289.37,4320.82,2063982824
2021-07-09,4329.38,4371.6,4329.38,4369.55,1791690914
2021-07-12,4372.41,4386.68,4364.03,4384.63,1707501002
2021-07-13,4381.07,4392.37,4366.92,4369.21,1764023047
2021-07-14,4380.11,4393.68,4362.36,4374.3,2028264492
2021-07-15,4369.02,4369.02,4340.7,4360.03,1995704829
2021-07-16,4367.43,4375.09,4322.53,4327.16,2026420335
2021-07-19,4296.4,4296.4,4233.13,4258.49,2838151098
2021-07-20,4265.11,4336.84,4262.05,4323.06,2430577637
2021-07-21,4331.13,4359.7,4331.13,4358.69,2101370626
2021-07-22,4361.27,4369.87,4350.06,4367.48,1845434194
2021-07-23,4381.2,4415.18,4381.2,4411.79,1752390418
2021-07-26,4409.58,4422.73,4405.45,4422.3,1812247096
2021-07-27,4416.38,4416.38,4372.51,4401.46,2085640391
2021-07-28,4402.95,4415.47,4387.01,4400.64,2118843918
2021-07-29,4403.59,4429.97,4403.59,4419.15,2019354788
2021-07-30,4395.12,4412.25,4389.65,4395.26,2245846882
2021-08-02,4406.86,4422.18,4384.81,4387.16,1983436641
2021-08-03,4392.74,4423.79,4373,4423.15,2174964518
2021-08-04,4415.95,4416.17,4400.23,4402.66,2331475675
2021-08-05,4408.86,4429.76,4408.86,4429.1,1960628313
2021-08-06,4429.07,4440.82,4429.07,4436.52,1838165082
2021-08-09,4437.77,4439.39,4424.74,4432.35,1716583532
2021-08-10,4435.79,4445.21,4430.03,4436.75,1916238169
2021-08-11,4442.18,4449.44,4436.42,4442.41,1871786539
2021-08-12,4446.08,4461.77,4435.96,4460.83,1628478428
2021-08-13,4464.84,4468.37,4460.82,4468,1532626658
2021-08-16,4461.65,4480.26,4437.66,4479.71,1750996492
2021-08-17,4462.12,4462.12,4417.83,4448.08,1917517410
2021-08-18,4440.94,4454.32,4397.59,4400.27,1930293587
2021-08-19,4382.44,4418.61,4367.73,4405.8,2214340942
2021-08-20,4410.56,4444.35,4406.8,4441.67,1834179903
2021-08-23,4450.29,4489.88,4450.29,4479.53,1854558750
2021-08-24,4484.4,4492.81,4482.28,4486.23,1743330697
2021-08-25,4490.45,4501.71,4485.66,4496.19,1777933554
2021-08-26,4493.75,4495.9,4468.99,4470,1642206826
2021-08-27,4474.1,4513.33,4474.1,4509.37,1665809773
2021-08-30,4513.76,4537.36,4513.76,4528.79,1564582288
2021-08-31,4529.75,4531.39,4515.8,4522.68,2177504229
2021-09-01,4528.8,4537.11,4522.02,4524.09,1943483583
2021-09-02,4534.48,4545.85,4524.66,4536.95,1778239902
2021-09-03,4532.42,4541.45,4521.3,4535.43,1529886805
2021-09-07,4535.38,4535.38,4513,4520.03,1805777278
2021-09-08,4518.09,4521.79,4493.95,4514.07,1783658630
2021-09-09,4513.02,4529.9,4492.07,4493.28,1837254326
2021-09-10,4506.92,4520.47,4457.66,4458.58,1860497153
2021-09-13,4474.81,4492.99,4445.7,4468.73,2060402092
2021-09-14,4479.33,4485.68,4435.46,4443.05,2021922303
2021-09-15,4447.49,4486.87,4438.37,4480.7,2126502586
2021-09-16,4477.09,4485.87,4443.8,4473.75,1846633558
2021-09-17,4469.74,4471.52,4427.76,4432.99,3770722859
2021-09-20,4402.95,4402.95,4305.91,4357.73,2601202238
2021-09-21,4374.45,4394.87,4347.96,4354.19,1926605020
2021-09-22,4367.43,4416.75,4367.43,4395.64,2024995238
2021-09-23,4406.75,4465.4,4406.75,4448.98,1974708404
2021-09-24,4438.04,4463.12,4430.27,4455.48,1687771288
2021-09-27,4442.12,4457.3,4436.19,4443.11,2044774771
2021-09-28,4419.54,4419.54,4346.33,4352.63,2411082003
2021-09-29,4362.41,4385.57,4355.08,4359.46,1899919741
2021-09-30,4370.67,4382.55,4306.24,4307.54,2292980186
2021-10-01,4317.16,4375.19,4288.52,4357.04,2202907200
2021-10-04,4348.84,4355.51,4278.94,4300.46,2352030389
2021-10-05,4309.87,4369.23,4309.87,4345.72,2026525955
2021-10-06,4319.57,4365.57,4290.49,4363.55,2062682920
2021-10-07,4383.73,4429.97,4383.73,4399.76,1942954035
2021-10-08,4406.51,4412.02,4386.22,4391.34,1683911086
2021-10-11,4385.44,4415.88,4360.59,4361.19,1684626168
2021-10-12,4368.31,4374.89,4342.09,4350.65,1951341517
2021-10-13,4358.01,4372.87,4329.92,4363.8,1928089452
2021-10-14,4386.75,4439.73,4386.75,4438.26,1941352446
2021-10-15,4447.69,4475.82,4447.69,4471.37,2048713822
2021-10-18,4463.72,4488.75,4447.47,4486.46,1871645425
2021-10-19,4497.34,4520.4,4496.41,4519.63,1701720108
2021-10-20,4524.42,4540.87,4524.4,4536.19,1842279378
2021-10-21,4532.24,4551.44,4526.89,4549.78,1903670277
2021-10-22,4546.12,4559.67,4524,4544.9,1820296105
2021-10-25,4553.69,4572.62,4537.36,4566.48,1849843381
2021-10-26,4578.69,4598.53,4569.17,4574.79,2018287292
2021-10-27,4580.22,4584.57,4551.66,4551.68,2255666226
2021-10-28,4562.84,4597.55,4562.84,4596.42,2180879850
2021-10-29,4572.87,4608.08,4567.59,4605.38,2350301616
2021-11-01,4610.62,4620.34,4595.06,4613.67,2033758725
2021-11-02,4613.34,4635.15,4613.34,4630.65,2156232672
2021-11-03,4630.65,4663.46,4621.19,4660.57,2155080069
2021-11-04,4662.93,4683,4662.59,4680.06,2514981463
2021-11-05,4699.26,4718.5,4681.32,4697.53,2604934263
2021-11-08,4701.48,4714.92,4694.39,4701.7,2208829524
2021-11-09,4707.25,4708.53,4670.87,4685.25,2077878164
2021-11-10,4670.26,4684.85,4630.86,4646.71,2141600225
2021-11-11,4659.39,4664.55,4648.31,4649.27,1745650301
2021-11-12,4655.24,4688.47,4650.77,4682.85,1878873391
2021-11-15,4689.3,4697.42,4672.86,4682.8,1821708114
2021-11-16,4679.42,4714.95,4679.42,4700.9,1969710437
2021-11-17,4701.5,4701.5,4684.41,4688.67,2073793765
2021-11-18,4700.72,4708.8,4672.78,4704.54,2229419489
2021-11-19,4708.44,4717.75,4694.22,4697.96,2452147236
2021-11-22,4712,4743.83,4682.17,4682.94,2465454579
2021-11-23,4678.48,4699.39,4652.66,4690.7,2230377284
2021-11-24,4675.78,4702.87,4659.89,4701.46,1849716721
2021-11-26,4664.63,4664.63,4585.43,4594.62,2132760977
2021-11-29,4628.75,4672.95,4625.26,4655.27,2505188610
2021-11-30,4640.25,4646.02,4560,4567,4064157980
2021-12-01,4602.82,4652.94,4510.27,4513.04,3055980587
2021-12-02,4504.73,4595.46,4504.73,4577.1,2801558306
2021-12-03,4589.49,4608.03,4495.12,4538.43,2714009311
2021-12-06,4548.37,4612.6,4540.51,4591.67,2591430683
2021-12-07,4631.97,4694.04,4631.97,4686.75,2483715209
2021-12-08,4690.86,4705.06,4674.52,4701.21,2169237673
2021-12-09,4691,4695.26,4665.98,4667.45,2021704694
2021-12-10,4687.64,4713.57,4670.24,4712.02,2130792886
2021-12-13,4710.3,4710.3,4667.6,4668.97,2427488597
2021-12-14,4642.99,4660.47,4606.52,4634.09,2481788465
2021-12-15,4636.46,4712.6,4611.22,4709.85,2575621271
2021-12-16,4719.13,4731.99,4651.89,4668.67,2745064817
2021-12-17,4652.5,4666.7,4600.22,4620.64,4573690712
2021-12-20,4587.9,4587.9,4531.1,4568.02,2468207427
2021-12-21,4594.96,4651.14,4583.16,4649.23,2298114520
2021-12-22,4650.36,4697.67,4645.53,4696.56,1874604891
2021-12-23,4703.96,4740.74,4703.96,4725.79,1617243125
2021-12-27,4733.99,4791.49,4733.99,4791.19,1503734418
2021-12-28,4795.49,4807.02,4780.04,4786.35,1432143549
2021-12-29,4788.64,4804.06,4778.08,4793.06,1365873126
2021-12-30,4794.23,4808.93,4775.33,4778.73,1353236996
2021-12-31,4775.21,4786.83,4765.75,4766.18,1339318824
2022-01-03,4778.14,4796.64,4758.17,4796.56,2241373299
2022-01-04,4804.51,4818.62,4774.27,4793.54,2841121018
2022-01-05,4787.99,4797.7,4699.44,4700.58,2810603586
2022-01-06,4693.39,4725.01,4671.26,4696.05,2389339330
2022-01-07,4697.66,4707.95,4662.74,4677.03,2414328227
2022-01-10,4655.34,4673.02,4582.24,4670.29,2668776356
2022-01-11,4669.14,4714.13,4638.27,4713.07,2238558923
2022-01-12,4728.59,4748.83,4706.71,4726.35,2122392627
2022-01-13,4733.56,4744.13,4650.29,4659.03,2392404427
2022-01-14,4637.99,4665.13,4614.75,4662.85,2522462949
2022-01-18,4632.24,4632.24,4568.7,4577.11,2741096372
2022-01-19,4588.03,4611.55,4530.2,4532.76,2494214499
2022-01-20,4547.35,4602.11,4477.95,4482.73,2556569239
2022-01-21,4471.38,4494.52,4395.34,4397.94,3210070654
2022-01-24,4356.32,4417.35,4222.62,4410.13,3888349334
2022-01-25,4366.64,4411.01,4287.11,4356.45,3069079477
2022-01-26,4408.43,4453.23,4304.8,4349.93,3239353450
2022-01-27,4380.58,4428.74,4309.5,4326.51,3070684348
2022-01-28,4336.19,4432.72,4292.46,4431.85,2926083817
2022-01-31,4431.79,4516.89,4414.02,4515.55,2960132803
2022-02-01,4519.57,4550.49,4483.53,4546.54,2725815746
2022-02-02,4566.39,4595.31,4544.32,4589.38,2906346124
2022-02-03,4535.41,4542.88,4470.39,4477.44,2707325899
2022-02-04,4482.79,4539.66,4451.5,4500.53,2661230208
2022-02-07,4505.75,4521.86,4471.47,4483.87,2380580575
2022-02-08,4480.02,4531.32,4465.4,4521.54,2540145869
2022-02-09,4547,4590.03,4547,4587.18,2435234286
2022-02-10,4553.24,4588.92,4484.31,4504.08,2709241305
2022-02-11,4506.27,4526.33,4401.41,4418.64,2891247534
2022-02-14,4412.61,4426.22,4364.84,4401.67,2520881740
2022-02-15,4429.28,4472.77,4429.28,4471.07,2348139435
2022-02-16,4455.75,4489.55,4429.68,4475.01,2334132066
2022-02-17,4456.06,4456.06,4373.81,4380.26,2308231918
2022-02-18,4384.57,4394.6,4327.22,4348.87,2569037287
2022-02-22,4332.74,4362.12,4267.11,4304.76,2734224673
2022-02-23,4324.93,4341.51,4221.51,4225.5,2496800402
2022-02-24,4155.77,4294.73,4114.65,4288.7,3557984906
2022-02-25,4298.38,4385.34,4286.83,4384.65,2692920879
2022-02-28,4354.17,4388.84,4315.12,4373.94,3226746590
2022-03-01,4363.14,4378.45,4279.54,4306.26,3136231628
2022-03-02,4322.56,4401.48,4322.56,4386.54,2867342109
2022-03-03,4401.31,4416.78,4345.56,4363.49,2617737783
2022-03-04,4342.12,4342.12,4284.98,4328.87,2992345589
2022-03-07,4327.01,4327.01,4199.85,4201.09,3509191905
2022-03-08,4202.66,4276.94,4157.87,4170.7,3636375797
2022-03-09,4223.1,4299.4,4223.1,4277.88,3018723346
2022-03-10,4252.55,4268.28,4209.8,4259.52,2583441996
2022-03-11,4279.5,4291.01,4200.49,4204.31,2335196408
2022-03-14,4202.75,4247.57,4161.72,4173.11,2714056407
2022-03-15,4188.82,4271.05,4187.9,4262.45,2630767161
2022-03-16,4288.14,4358.9,4251.99,4357.86,2922879968
2022-03-17,4345.11,4412.67,4335.65,4411.67,2435098356
2022-03-18,4407.34,4465.4,4390.57,4463.12,4234433858
2022-03-21,4462.4,4481.75,4424.3,4461.18,2479499718
2022-03-22,4469.1,4522,4469.1,4511.61,2341523848
2022-03-23,4493.1,4501.07,4455.81,4456.24,2181298863
2022-03-24,4469.98,4520.58,4465.17,4520.16,2076509992
2022-03-25,4522.91,4546.03,4501.07,4543.06,1997323727
2022-03-28,4541.09,4575.65,4517.69,4575.52,2017538125
2022-03-29,4602.86,4637.3,4589.66,4631.6,2449168296
2022-03-30,4624.2,4627.77,4581.32,4602.45,2080196324
2022-03-31,4599.02,4603.07,4530.41,4530.41,2644203200
2022-04-01,4540.32,4548.7,4507.57,4545.86,2324492158
2022-04-04,4547.97,4583.5,4539.21,4582.64,2280384041
2022-04-05,4572.45,4593.45,4514.17,4525.12,2420827941
2022-04-06,4494.17,4503.94,4450.04,4481.15,2718023074
2022-04-07,4474.65,4521.16,4450.3,4500.21,2598710105
2022-04-08,4494.15,4520.41,4474.6,4488.28,2247337166
2022-04-11,4462.64,4464.35,4408.38,4412.53,2333774550
2022-04-12,4437.59,4471,4381.34,4397.45,2167088424
2022-04-13,4394.3,4453.92,4392.7,4446.59,2103002387
2022-04-14,4449.12,4460.46,4390.77,4392.59,2438692580
2022-04-18,4385.63,4410.31,4370.3,4391.69,2049261518
2022-04-19,4390.63,4471.03,4390.63,4462.21,2246729830
2022-04-20,4472.26,4488.29,4448.76,4459.45,2382044298
2022-04-21,4489.17,4512.94,4384.47,4393.66,2634157914
2022-04-22,4385.83,4385.83,4267.62,4271.78,2515855752
2022-04-25,4255.34,4299.02,4200.82,4296.12,2846155944
2022-04-26,4278.14,4278.14,4175.04,4175.2,2644480439
2022-04-27,4186.52,4240.71,4162.9,4183.96,2645379293
2022-04-28,4222.58,4308.45,4188.63,4287.5,2765340120
2022-04-29,4253.75,4269.68,4124.28,4131.93,2846133680
2022-05-02,4130.61,4169.81,4062.51,4155.38,2741101346
2022-05-03,4159.78,4200.1,4147.08,4175.48,2504555235
2022-05-04,4181.18,4307.66,4148.91,4300.17,2875234248
2022-05-05,4270.43,4270.43,4106.01,4146.87,2869945993
2022-05-06,4128.17,4157.69,4067.91,4123.34,2737777030
2022-05-09,4081.27,4081.27,3975.48,3991.24,3077820809
2022-05-10,4035.18,4068.82,3958.17,4001.05,2915264940
2022-05-11,3990.08,4049.09,3928.82,3935.18,2767622340
2022-05-12,3903.95,3964.8,3858.87,3930.08,3137341972
2022-05-13,3963.9,4038.88,3963.9,4023.89,2540467772
2022-05-16,4013.02,4046.46,3983.99,4008.01,2214046548
2022-05-17,4052,4090.72,4033.93,4088.85,2462826212
2022-05-18,4051.98,4051.98,3911.91,3923.68,2719641498
2022-05-19,3899,3945.96,3876.58,3900.79,2774587225
2022-05-20,3927.76,3943.42,3810.32,3901.36,3004732400
2022-05-23,3919.42,3981.88,3909.04,3973.75,2406253177
2022-05-24,3942.94,3955.68,3875.13,3941.48,2437966527
2022-05-25,3929.59,3999.33,3925.03,3978.73,2334313273
2022-05-26,3984.6,4075.14,3984.6,4057.84,2400529721
2022-05-27,4077.43,4158.49,4077.43,4158.24,2163529907
2022-05-31,4151.09,4168.34,4104.88,4132.15,3805436157
2022-06-01,4149.78,4166.54,4073.85,4101.23,2172170316
2022-06-02,4095.41,4177.51,4074.37,4176.82,2072172553
2022-06-03,4137.57,4142.67,4098.67,4108.54,1878566492
2022-06-06,4134.72,4168.78,4109.18,4121.43,1919014089
2022-06-07,4096.47,4164.86,4080.19,4160.68,1973745637
2022-06-08,4147.12,4160.14,4107.2,4115.77,1875032906
2022-06-09,4101.65,4119.1,4017.17,4017.82,2040178588
2022-06-10,3974.39,3974.39,3900.16,3900.86,2475868478
2022-06-13,3838.15,3838.15,3734.3,3749.63,3067433318
2022-06-14,3763.52,3778.18,3705.68,3735.48,2639249798
2022-06-15,3764.05,3837.56,3722.3,3789.99,2761970436
2022-06-16,3728.18,3728.18,3639.77,3666.77,3079954729
2022-06-17,3665.9,3707.71,3636.87,3674.84,4667721829
2022-06-21,3715.31,3779.65,3715.31,3764.79,2677535781
2022-06-22,3733.89,3801.79,3717.69,3759.89,2479596731
2022-06-23,3774.71,3802.58,3743.52,3795.73,2511277193
2022-06-24,3821.75,3913.65,3821.75,3911.74,3476679518
2022-06-27,3920.76,3927.72,3889.66,3900.11,2125082913
2022-06-28,3913,3945.86,3820.14,3821.55,2247996957
2022-06-29,3825.09,3836.5,3799.02,3818.83,2113449461
2022-06-30,3785.99,3818.99,3738.67,3785.38,2685491463
2022-07-01,3781,3829.82,3752.1,3825.33,2192501778
2022-07-05,3792.61,3832.19,3742.06,3831.39,2506625598
2022-07-06,3831.98,3870.91,3809.37,3845.08,2201176371
2022-07-07,3858.85,3910.63,3858.85,3902.62,2085966400
2022-07-08,3888.26,3918.5,3869.34,3899.38,1777058171
2022-07-11,3880.94,3880.94,3847.22,3854.43,1824655815
2022-07-12,3851.95,3873.41,3802.36,3818.8,2131307791
2022-07-13,3779.67,3829.44,3759.07,3801.78,2056282440
2022-07-14,3763.99,3796.41,3721.56,3790.38,2178874683
2022-07-15,3818,3863.62,3817.18,3863.16,2327434451
2022-07-18,3883.79,3902.44,3818.63,3830.85,2196942964
2022-07-19,3860.73,3939.81,3860.73,3936.69,2386374889
2022-07-20,3935.32,3974.13,3922.03,3959.9,2346363953
2022-07-21,3955.47,3999.29,3927.64,3998.95,2498555021
2022-07-22,3998.43,4012.44,3938.86,3961.63,2223130836
2022-07-25,3965.72,3975.3,3943.46,3966.84,1945141683
2022-07-26,3953.22,3953.22,3910.74,3921.05,2144610066
2022-07-27,3951.43,4039.56,3951.43,4023.61,2459044831
2022-07-28,4026.13,4078.95,3992.97,4072.43,2549741617
2022-07-29,4087.33,4140.15,4079.22,4130.29,2886406949
2022-08-01,4112.38,4144.95,4096.02,4118.63,2290404134.7576
2022-08-02,4104.21,4140.47,4079.81,4091.19,2265723779
2022-08-03,4107.96,4167.66,4107.96,4155.17,2432226005
2022-08-04,4154.85,4161.29,4135.42,4151.94,2259557509
2022-08-05,4115.87,4151.58,4107.31,4145.19,2024887684
2022-08-08,4155.93,4186.62,4128.97,4140.06,2118308917
2022-08-09,4133.11,4137.3,4112.09,4122.47,2045740859
2022-08-10,4181.02,4211.03,4177.26,4210.24,2239407036
2022-08-11,4227.4,4257.91,4201.41,4207.27,2080941232
2022-08-12,4225.02,4280.47,4219.78,4280.15,1837439508
2022-08-15,4269.37,4301.79,4256.9,4297.14,1775707808
2022-08-16,4290.46,4325.28,4277.77,4305.2,1909934189
2022-08-17,4280.4,4302.18,4253.08,4274.04,1861058607
2022-08-18,4273.13,4292.53,4261.98,4283.74,1747174197
2022-08-19,4266.31,4266.31,4218.7,4228.48,2044278522
2022-08-22,4195.08,4195.08,4129.86,4137.99,1980081528
2022-08-23,4133.09,4159.77,4124.03,4128.73,1788639687
2022-08-24,4126.55,4156.56,4119.97,4140.77,1736786606
2022-08-25,4153.26,4200.54,4147.59,4199.12,1845810168
2022-08-26,4198.74,4203.04,4057.66,4057.66,2112956660
2022-08-29,4034.58,4062.99,4017.42,4030.61,1890889510
2022-08-30,4041.25,4044.98,3965.21,3986.16,2081001229
2022-08-31,4000.67,4015.37,3954.53,3955,2551854859.5204
2022-09-01,3936.73,3970.23,3903.65,3966.85,2303306757.0706
2022-09-02,3994.66,4018.43,3906.21,3924.26,2080325882
2022-09-06,3930.89,3942.55,3886.75,3908.19,2245181905
2022-09-07,3909.43,3987.89,3906.03,3979.87,2207203153
2022-09-08,3959.94,4010.5,3944.81,4006.18,2287421470
2022-09-09,4022.94,4076.81,4022.94,4067.36,2096049232
2022-09-12,4083.67,4119.28,4083.67,4110.41,2144187292
2022-09-13,4037.12,4037.12,3921.28,3932.69,2641640040
2022-09-14,3940.73,3961.94,3912.18,3946.01,2482078227
2022-09-15,3932.41,3959.14,3888.28,3901.35,2510590552
2022-09-16,3880.95,3880.95,3837.08,3873.33,4360545933
2022-09-19,3849.91,3900.45,3838.5,3899.89,2115778064
2022-09-20,3875.23,3876.01,3827.54,3855.93,2334817543
2022-09-21,3871.4,3907.07,3789.49,3789.93,2485994709
2022-09-22,3782.36,3790.9,3749.45,3757.99,2445941297
2022-09-23,3727.14,3727.14,3647.47,3693.23,2807610763
2022-09-26,3682.72,3715.67,3644.76,3655.04,2631140662
2022-09-27,3686.44,3717.53,3623.29,3647.29,2543929467
2022-09-28,3651.94,3736.74,3640.61,3719.04,2634239753
2022-09-29,3687.01,3687.01,3610.4,3640.47,2604839600
2022-09-30,3633.48,3671.44,3584.13,3585.62,3142945550
2022-10-03,3609.78,3698.35,3604.93,3678.43,2734042230
2022-10-04,3726.46,3791.92,3726.46,3790.93,2850684686
2022-10-05,3753.25,3806.91,3722.66,3783.28,2406097925
2022-10-06,3771.97,3797.93,3739.22,3744.52,2451917428
2022-10-07,3706.74,3706.74,3620.73,3639.66,2670998010
2022-10-10,3647.51,3652.17,3588.1,3612.39,2379975370
2022-10-11,3595.86,3640.66,3568.45,3588.84,2730730478
2022-10-12,3590.83,3608.34,3573.86,3577.03,2370590416
2022-10-13,3520.37,3685.41,3491.58,3669.91,3197128807
2022-10-14,3690.41,3712,3579.68,3583.07,2661937030
2022-10-17,3638.65,3689.73,3638.65,3677.95,2577719660
2022-10-18,3746.26,3762.79,3686.53,3719.98,2659756947
2022-10-19,3703.11,3728.58,3666.51,3695.16,2400354825
2022-10-20,3689.05,3736,3656.44,3665.78,2641513546
2022-10-21,3657.1,3757.89,3647.42,3752.75,3007722663
2022-10-24,3762.01,3810.74,3741.65,3797.34,2587423726
2022-10-25,3799.44,3862.85,3799.44,3859.11,2722411722
2022-10-26,3825.97,3886.15,3824.07,3830.6,2946134171
2022-10-27,3834.69,3859.95,3803.79,3807.3,3088618697
2022-10-28,3808.26,3905.42,3808.26,3901.06,2899801373
2022-10-31,3881.85,3893.73,3863.18,3871.98,2800978345
2022-11-01,3901.79,3911.79,3843.8,3856.1,2616622589
2022-11-02,3852.9,3894.44,3758.68,3759.69,3112059344
2022-11-03,3733.25,3750.59,3698.15,3719.89,2853782123
2022-11-04,3766.98,3796.34,3708.84,3770.55,3019479207
2022-11-07,3780.71,3813.95,3764.7,3806.8,2492839587
2022-11-08,3817.02,3859.4,3786.28,3828.11,2585450787
2022-11-09,3810.94,3818.2,3744.22,3748.57,2535204840
2022-11-10,3859.89,3958.33,3859.89,3956.37,3342969435
2022-11-11,3963.72,4001.48,3944.82,3992.93,3015063689
2022-11-14,3977.97,4008.97,3956.4,3957.25,2607905944
2022-11-15,4006.41,4028.84,3953.17,3991.73,2796620692
2022-11-16,3976.82,3983.09,3954.34,3958.79,2405874725
2022-11-17,3919.26,3954.33,3906.54,3946.56,2196018180
2022-11-18,3966.39,3979.89,3935.98,3965.34,2233622593
2022-11-21,3956.23,3962,3933.34,3949.94,2114062649
2022-11-22,3965.51,4005.88,3956.88,4003.58,1997281888
2022-11-23,4000.3,4033.78,3998.66,4027.26,1753489062
2022-11-25,4023.34,4034.02,4020.76,4026.12,901913979
2022-11-28,4005.36,4012.27,3955.77,3963.94,2094426126
2022-11-29,3964.19,3976.77,3937.65,3957.63,1912517741
2022-11-30,3957.18,4080.11,3938.58,4080.11,3721831565
2022-12-01,4087.14,4100.51,4050.87,4076.57,2316143021
2022-12-02,4040.17,4080.48,4026.63,4071.7,2073993715
2022-12-05,4052.02,4052.45,3984.49,3998.84,2283039476
2022-12-06,3996.63,4001.51,3918.39,3941.26,2363290230
2022-12-07,3933.28,3957.57,3922.68,3933.92,2261360347
2022-12-08,3947.79,3974.19,3935.83,3963.51,2156493372
2022-12-09,3954.17,3977.02,3933.04,3934.38,2120259740
2022-12-12,3939.29,3990.71,3935.3,3990.56,2283766184
2022-12-13,4069.38,4100.96,3993.03,4019.65,3099177403
2022-12-14,4015.54,4053.76,3965.65,3995.32,2606576359
2022-12-15,3958.37,3958.37,3879.45,3895.75,2677417769
2022-12-16,3890.91,3890.91,3827.91,3852.36,5019888337
2022-12-19,3853.79,3854.86,3800.04,3817.66,2294959950
2022-12-20,3810.47,3838.24,3795.62,3821.62,2223745612
2022-12-21,3839.49,3889.82,3839.49,3878.44,2145800787
2022-12-22,3853.26,3853.26,3764.49,3822.39,2363139365
2022-12-23,3815.11,3845.8,3797.01,3844.82,1579202603
2022-12-27,3843.34,3846.65,3813.22,3829.25,1753561968
2022-12-28,3829.56,3848.32,3780.78,3783.22,1741218670
2022-12-29,3805.45,3858.19,3805.45,3849.28,1734474936
2022-12-30,3829.06,3839.85,3800.34,3839.5,1704123413
2023-01-03,3853.29,3878.46,3794.33,3824.14,2351704257
2023-01-04,3840.36,3873.16,3815.77,3852.97,2574150675
2023-01-05,3839.74,3839.74,3802.42,3808.1,2254045861
2023-01-06,3823.37,3906.19,3809.56,3895.08,2462500481
2023-01-09,3910.82,3950.57,3890.42,3892.09,2498158582
2023-01-10,3888.57,3919.83,3877.29,3919.25,2140005783
2023-01-11,3932.35,3970.07,3928.54,3969.61,2353913282
2023-01-12,3977.57,3997.76,3937.56,3983.17,2468086405
2023-01-13,3960.6,4003.95,3947.67,3999.09,2305645309
2023-01-17,3999.28,4015.39,3984.57,3990.97,2561165091
2023-01-18,4002.25,4014.16,3926.59,3928.86,2644401366
2023-01-19,3911.84,3922.94,3885.54,3898.85,2550553130
2023-01-20,3909.04,3972.96,3897.86,3972.61,2708753252
2023-01-23,3978.14,4039.31,3971.64,4019.81,2469489503
2023-01-24,4001.74,4023.92,3989.79,4016.95,2103117935
2023-01-25,3982.71,4019.55,3949.06,4016.22,2427959152
2023-01-26,4036.08,4061.57,4013.29,4060.43,2436722285
2023-01-27,4053.72,4094.21,4048.7,4070.56,2573674311
2023-01-30,4049.27,4063.85,4015.55,4017.77,2323118481
2023-01-31,4020.85,4077.16,4020.44,4076.6,2868839133
2023-02-01,4070.07,4148.95,4037.2,4119.21,2963113965
2023-02-02,4158.68,4195.44,4141.88,4179.76,3410570676
2023-02-03,4136.69,4182.36,4123.36,4136.48,2898791369
2023-02-06,4119.57,4124.63,4093.38,4111.08,2285621270
2023-02-07,4105.35,4176.54,4088.39,4164,2622828899
2023-02-08,4153.47,4156.85,4111.67,4117.86,2562865048
2023-02-09,4144.25,4156.23,4069.67,4081.5,2664804958
2023-02-10,4068.92,4094.36,4060.79,4090.46,2311050934
2023-02-13,4096.62,4138.9,4092.67,4137.29,2125294422
2023-02-14,4126.7,4159.77,4095.01,4136.13,2220641124
2023-02-15,4119.5,4148.11,4103.98,4147.6,2124554103
2023-02-16,4114.75,4136.54,4089.49,4090.41,2270678476
2023-02-17,4077.39,4081.51,4047.95,4079.09,2399670093
2023-02-21,4052.35,4052.35,3995.19,3997.34,2364296677
2023-02-22,4001.83,4017.37,3976.9,3991.05,2271027470
2023-02-23,4018.6,4028.3,3969.19,4012.32,2316029436
2023-02-24,3973.24,3978.25,3943.08,3970.04,2185600426
2023-02-27,3992.36,4018.05,3973.55,3982.24,2074394964
2023-02-28,3977.19,3997.5,3968.98,3970.15,2776247907
2023-03-01,3963.34,3971.73,3939.05,3951.39,2234879789
2023-03-02,3938.68,3990.84,3928.16,3981.35,2252768227
2023-03-03,3998.02,4048.29,3995.17,4045.64,2232453315
2023-03-06,4055.15,4078.49,4044.61,4048.42,2189913632
2023-03-07,4048.26,4050,3980.31,3986.37,2279768642
2023-03-08,3987.55,4000.41,3969.76,3992.01,2040746669
2023-03-09,3998.66,4017.81,3908.7,3918.32,2610567322
2023-03-10,3912.77,3934.05,3846.32,3861.59,3224149593
2023-03-13,3835.12,3905.05,3808.86,3855.76,3998505947
2023-03-14,3894.01,3937.29,3873.63,3919.29,3434041869
2023-03-15,3876.74,3894.26,3838.24,3891.93,3692412901
2023-03-16,3878.93,3964.46,3864.11,3960.28,3620888964
2023-03-17,3958.69,3958.91,3901.27,3916.64,5743241303
2023-03-20,3917.47,3956.62,3916.89,3951.57,2958330107
2023-03-21,3975.89,4009.08,3971.19,4002.87,2998269348
2023-03-22,4002.04,4039.49,3936.17,3936.97,2722934161
2023-03-23,3959.21,4007.66,3919.05,3948.72,2821295818
2023-03-24,3939.21,3972.74,3909.16,3970.99,2609179699
2023-03-27,3982.93,4003.83,3970.49,3977.53,2462252346
2023-03-28,3974.13,3979.2,3951.53,3971.27,1993129645
2023-03-29,3999.53,4030.59,3999.53,4027.81,2265665116
2023-03-30,4046.74,4057.85,4032.1,4050.83,2136728201
2023-03-31,4056.18,4110.75,4056.18,4109.31,2525400584
2023-04-03,4102.2,4127.66,4098.79,4124.51,2427596313
2023-04-04,4128.03,4133.13,4086.87,4100.6,2263558030
2023-04-05,4094.5,4099.69,4072.56,4090.38,2329609104
2023-04-06,4081.15,4107.32,4069.84,4105.02,2074707142
2023-04-10,4085.2,4109.5,4072.55,4109.11,1951641661
2023-04-11,4110.29,4124.26,4102.61,4108.94,2000949147
2023-04-12,4121.72,4134.37,4086.94,4091.95,2249009085
2023-04-13,4100.04,4150.26,4099.4,4146.22,2198579364
2023-04-14,4140.11,4163.19,4113.2,4137.64,2089948592
2023-04-17,4137.17,4151.72,4123.18,4151.32,2134208037
2023-04-18,4164.26,4169.48,4140.36,4154.87,2125370001
2023-04-19,4139.33,4162.57,4134.49,4154.52,2167627544
2023-04-20,4130.48,4148.57,4114.57,4129.79,2452866920
2023-04-21,4132.14,4138.02,4113.86,4133.52,2298537544
2023-04-24,4132.07,4142.41,4117.77,4137.04,2122318243
2023-04-25,4126.43,4126.43,4071.38,4071.63,2574200878
2023-04-26,4087.78,4089.67,4049.35,4055.99,2706613848
2023-04-27,4075.29,4138.24,4075.29,4135.35,2719396344
2023-04-28,4129.63,4170.06,4127.18,4169.48,2732583160
2023-05-01,4166.79,4186.92,4164.12,4167.87,2224868817
2023-05-02,4164.1,4164.1,4089.72,4119.58,2648056928
2023-05-03,4122.25,4148.3,4088.86,4090.75,2576228540
2023-05-04,4082.55,4082.61,4048.28,4061.22,2878155272
2023-05-05,4084.73,4147.02,4084.73,4136.25,2466850794
2023-05-08,4136.98,4142.3,4123.81,4138.12,2114263205
2023-05-09,4124.25,4130.35,4116.65,4119.17,2062396327
2023-05-10,4143.74,4154.28,4098.92,4137.64,2341053558
2023-05-11,4132.24,4132.8,4109.29,4130.62,2245650154
2023-05-12,4138.54,4143.74,4099.12,4124.08,2076453332
2023-05-15,4126.65,4141.25,4110.27,4136.28,2051963971
2023-05-16,4127.95,4135.54,4109.86,4109.9,2204940543
2023-05-17,4122.85,4164.67,4113.62,4158.77,2448302781
2023-05-18,4157.68,4202.2,4153.5,4198.05,2416803411
2023-05-19,4204.15,4212.91,4180.2,4191.98,2350593331
2023-05-22,4190.78,4209.22,4179.68,4192.63,2222520734
2023-05-23,4176.8,4185.68,4142.54,4145.58,2437496305
2023-05-24,4132.96,4132.96,4103.98,4115.24,2295840859
2023-05-25,4155.71,4165.74,4129.73,4151.28,2827444614
2023-05-26,4156.16,4212.87,4156.16,4205.45,2591254017
2023-05-30,4226.71,4231.1,4192.18,4205.52,2568042721
2023-05-31,4190.74,4195.44,4166.15,4179.83,4396247534
2023-06-01,4183.03,4232.43,4171.64,4221.02,2593535081
2023-06-02,4241.01,4290.67,4241.01,4282.37,2727572445
2023-06-05,4282.99,4299.28,4266.82,4273.79,2188378526
2023-06-06,4271.34,4288.33,4263.09,4283.85,2246423347
2023-06-07,4285.47,4299.19,4263.96,4267.52,2720308985
2023-06-08,4268.69,4298.01,4261.07,4293.93,2225615199
2023-06-09,4304.88,4322.62,4291.7,4298.86,2136702819
2023-06-12,4308.32,4340.13,4304.37,4338.93,2453364699
2023-06-13,4352.61,4375.37,4349.31,4369.01,2543848564
2023-06-14,4366.29,4391.82,4337.85,4372.59,2632647795
2023-06-15,4365.33,4439.2,4362.6,4425.84,2574876443
2023-06-16,4440.95,4448.47,4407.44,4409.59,4185054291
2023-06-20,4396.11,4400.15,4367.19,4388.71,2438264940
2023-06-21,4380.01,4386.22,4360.14,4365.69,2342110707
2023-06-22,4355.4,4382.25,4351.82,4381.89,2101340593
2023-06-23,4354.17,4366.55,4341.34,4348.33,3062977301
2023-06-26,4344.84,4362.06,4328.08,4328.82,2249250625
2023-06-27,4337.36,4384.42,4335,4378.41,2289549269
2023-06-28,4367.48,4390.35,4360.22,4376.86,2283456075
2023-06-29,4374.94,4398.39,4371.97,4396.44,2158939109
2023-06-30,4422.44,4458.48,4422.44,4450.38,2491966612
2023-07-03,4450.48,4456.46,4442.29,4455.59,1236150700
2023-07-05,4442.04,4454.06,4436.61,4446.82,2115015525
2023-07-06,4422.62,4422.62,4385.05,4411.59,2224381526
2023-07-07,4404.54,4440.39,4397.4,4398.95,2111125773
2023-07-10,4394.23,4412.6,4389.92,4409.53,2168941075
2023-07-11,4415.55,4443.64,4408.46,4439.26,2129927844
2023-07-12,4467.69,4488.34,4463.23,4472.16,2330249912
2023-07-13,4491.5,4517.38,4489.36,4510.04,2254150794
2023-07-14,4514.61,4527.76,4499.56,4505.42,2379047405
2023-07-17,4508.86,4532.85,4504.9,4522.79,2359710601
2023-07-18,4521.78,4562.3,4514.59,4554.98,2538849602
2023-07-19,4563.87,4578.43,4557.48,4565.72,2597461645
2023-07-20,4554.38,4564.74,4527.56,4534.87,2595426819
2023-07-21,4550.16,4555,4535.79,4536.34,3277670172
2023-07-24,4543.39,4563.41,4541.29,4554.64,2156130111
2023-07-25,4555.19,4580.62,4552.42,4567.46,2305628861
2023-07-26,4558.96,4582.47,4547.58,4566.75,2320509101
2023-07-27,4598.26,4607.07,4528.56,4537.41,2680598316
2023-07-28,4565.75,4590.16,4564.01,4582.23,2363048132
2023-07-31,4584.82,4594.22,4573.14,4588.96,2415231060
2023-08-01,4578.83,4584.62,4567.53,4576.73,2179828757
2023-08-02,4550.93,4550.93,4505.75,4513.39,2467424038
2023-08-03,4494.27,4519.49,4485.54,4501.89,2363725888
2023-08-04,4513.96,4540.34,4474.55,4478.03,2411632698
2023-08-07,4491.58,4519.84,4491.15,4518.44,2051647102
2023-08-08,4498.03,4503.31,4464.39,4499.38,2169756994
2023-08-09,4501.57,4502.44,4461.33,4467.71,2058789858
2023-08-10,4487.16,4527.37,4457.92,4468.83,2116254445
2023-08-11,4450.69,4476.23,4443.98,4464.05,1849920370
2023-08-14,4458.13,4490.33,4453.44,4489.72,1957703753
2023-08-15,4478.87,4478.87,4432.19,4437.86,1976890010
2023-08-16,4433.79,4449.95,4403.55,4404.33,2007563221
2023-08-17,4416.32,4421.17,4364.83,4370.36,2222818962
2023-08-18,4344.88,4381.82,4335.31,4369.71,2159681725
2023-08-21,4380.28,4407.55,4360.3,4399.77,2058836126
2023-08-22,4415.33,4418.59,4382.77,4387.55,1904585562
2023-08-23,4396.44,4443.18,4396.44,4436.01,2021761268
2023-08-24,4455.16,4458.3,4375.55,4376.31,2082566773
2023-08-25,4389.38,4418.46,4356.29,4405.71,1892067072
2023-08-28,4426.03,4439.56,4414.98,4433.31,1631738412
2023-08-29,4432.75,4500.14,4431.68,4497.63,1884706898
2023-08-30,4500.34,4521.65,4493.59,4514.87,1788662114
2023-08-31,4517.01,4532.26,4507.39,4507.66,2319094206
2023-09-01,4530.6,4541.25,4501.35,4515.77,1927089047
2023-09-05,4510.06,4514.29,4496.01,4496.83,2126482524
2023-09-06,4490.35,4490.35,4442.38,4465.48,2134658586
2023-09-07,4434.55,4457.81,4430.46,4451.14,2443175221
2023-09-08,4451.3,4473.53,4448.38,4457.49,2079878833
2023-09-11,4480.98,4490.77,4467.89,4487.46,2165432407
2023-09-12,4473.27,4487.11,4456.83,4461.9,2188365100
2023-09-13,4462.65,4479.39,4453.52,4467.44,2265557149
2023-09-14,4487.78,4511.99,4478.69,4505.1,2273685163
2023-09-15,4497.98,4497.98,4447.21,4450.32,4239330106
2023-09-18,4445.13,4466.36,4442.11,4453.53,1925329039
2023-09-19,4445.41,4449.85,4416.61,4443.95,2013002833
2023-09-20,4452.81,4461.03,4401.38,4402.2,1981250299
2023-09-21,4374.36,4375.7,4329.17,4330,2292425252
2023-09-22,4341.74,4357.4,4316.49,4320.06,2131667228
2023-09-25,4310.62,4338.51,4302.7,4337.44,1860152658
2023-09-26,4312.88,4313.01,4265.98,4273.53,2130315512
2023-09-27,4282.63,4292.07,4238.63,4274.51,2299352689
2023-09-28,4269.65,4317.27,4264.38,4299.7,2240204319
2023-09-29,4328.18,4333.15,4274.86,4288.05,2406132169
2023-10-02,4284.52,4300.58,4260.21,4288.39,2374624170
2023-10-03,4269.75,4281.15,4216.45,4229.45,2421468261
2023-10-04,4233.83,4268.5,4220.48,4263.75,2324498903
2023-10-05,4259.31,4267.13,4225.91,4258.19,2214792439
2023-10-06,4234.79,4324.1,4219.55,4308.5,2489880710
2023-10-09,4289.02,4341.73,4283.79,4335.66,1988768924
2023-10-10,4339.75,4385.46,4339.64,4358.24,2166155537
2023-10-11,4366.59,4378.64,4345.34,4376.95,2123886315
2023-10-12,4380.94,4385.85,4325.43,4349.61,2346632881
2023-10-13,4360.49,4377.1,4311.97,4327.78,2302984817
2023-10-16,4342.37,4383.33,4342.37,4373.63,2131763895
2023-10-17,4345.23,4393.57,4337.54,4373.2,2356409078
2023-10-18,4357.35,4364.2,4303.84,4314.6,2398222110
2023-10-19,4321.36,4339.54,4269.69,4278,2651568444
2023-10-20,4273.85,4276.56,4223.03,4224.16,2734214474
2023-10-23,4210.4,4255.84,4189.22,4217.04,2453362856
2023-10-24,4235.79,4259.38,4219.43,4247.68,2494717609
2023-10-25,4232.42,4232.42,4181.42,4186.77,2679078988
2023-10-26,4175.99,4183.6,4127.9,4137.23,3005920212
2023-10-27,4152.93,4156.7,4103.78,4117.37,2806304532
2023-10-30,4139.39,4177.47,4132.94,4166.82,2612198547
2023-10-31,4171.33,4195.55,4153.12,4193.8,2707294939
2023-11-01,4201.27,4245.64,4197.74,4237.86,2816162441
2023-11-02,4268.26,4319.72,4268.26,4317.78,2832866448
2023-11-03,4334.23,4373.62,4334.23,4358.34,2684012374
2023-11-06,4364.27,4372.21,4347.53,4365.98,2179931864
2023-11-07,4366.21,4386.26,4355.41,4378.38,2281729918
2023-11-08,4384.37,4391.2,4359.76,4382.78,2290395761
2023-11-09,4391.41,4393.4,4343.94,4347.35,2359322477
2023-11-10,4364.15,4418.03,4353.34,4415.24,2250329104
2023-11-13,4406.66,4421.76,4393.82,4411.55,1990746804
2023-11-14,4458.97,4508.67,4458.97,4495.7,2683327879
2023-11-15,4505.3,4521.17,4495.31,4502.88,2571112283
2023-11-16,4497.08,4511.99,4487.83,4508.24,2502760821
2023-11-17,4509.55,4520.12,4499.66,4514.02,2272264722
2023-11-20,4511.7,4557.11,4510.36,4547.38,2181326784
2023-11-21,4538.77,4542.14,4525.51,4538.19,2063417712
2023-11-22,4553.04,4568.43,4545.05,4556.62,1886708097
2023-11-24,4555.84,4560.31,4552.8,4559.34,891720277
2023-11-27,4554.86,4560.52,4546.32,4550.43,2024029146
2023-11-28,4545.55,4568.14,4540.51,4554.89,2097781469
2023-11-29,4571.84,4587.64,4547.15,4550.58,2434604114
2023-11-30,4554.87,4569.89,4537.24,4567.8,3550309990
2023-12-01,4559.43,4599.39,4554.71,4594.63,2544483462
2023-12-04,4564.37,4572.37,4546.72,4569.78,2490316718
2023-12-05,4557.25,4578.56,4551.68,4567.18,2338779937
2023-12-06,4586.23,4590.74,4546.5,4549.34,2403741486
2023-12-07,4568.84,4590.92,4565.22,4585.59,2469802159
2023-12-08,4576.2,4609.23,4574.06,4604.37,2333925302
2023-12-11,4593.39,4623.71,4593.39,4622.44,2434162631
2023-12-12,4618.3,4643.93,4608.09,4643.7,2365341118
2023-12-13,4646.2,4709.69,4643.23,4707.09,3014960633
2023-12-14,4721.04,4738.57,4694.34,4719.55,3872955047
2023-12-15,4714.23,4725.53,4704.69,4719.19,5311921335
2023-12-18,4725.58,4749.52,4725.58,4740.56,2434634036
2023-12-19,4743.72,4768.69,4743.72,4768.37,2325208666
2023-12-20,4764.73,4778.01,4697.82,4698.35,2485662722
2023-12-21,4724.29,4748.71,4708.35,4746.75,2154794168
2023-12-22,4753.92,4772.94,4736.77,4754.63,1743793044
2023-12-26,4758.86,4784.72,4758.45,4774.75,1447990937
2023-12-27,4773.45,4785.39,4768.9,4781.58,1611192991
2023-12-28,4786.44,4793.3,4780.98,4783.35,1482518840
2023-12-29,4782.88,4788.43,4751.99,4769.83,1742503214
2024-01-02,4745.2,4754.33,4722.67,4742.83,2438700029
2024-01-03,4725.07,4729.29,4699.71,4704.81,2459537218
2024-01-04,4697.42,4726.78,4687.53,4688.68,2371772728
2024-01-05,4690.57,4721.49,4682.11,4697.24,2211672077
2024-01-08,4703.7,4764.54,4699.82,4763.54,2311628659
2024-01-09,4741.93,4765.47,4730.35,4756.5,2241198577
2024-01-10,4759.94,4790.8,4756.2,4783.45,2165979629
2024-01-11,4792.13,4798.5,4739.58,4780.24,2320989197
2024-01-12,4791.18,4802.4,4768.98,4783.83,2251917810
2024-01-16,4772.35,4782.34,4747.12,4765.98,2601533887
2024-01-17,4739.13,4744.23,4714.82,4739.21,2323282256
2024-01-18,4760.1,4785.79,4740.57,4780.94,2595424433
2024-01-19,4796.28,4842.07,4785.87,4839.81,2778139489
2024-01-22,4853.42,4868.41,4844.05,4850.43,2674489114
2024-01-23,4856.8,4866.48,4844.37,4864.6,2409552852
2024-01-24,4888.56,4903.68,4865.94,4868.55,2709582602
2024-01-25,4886.66,4898.15,4869.34,4894.16,2925824199
2024-01-26,4888.91,4906.69,4881.47,4890.97,2391994169
2024-01-29,4892.95,4929.31,4887.4,4927.93,2318280410
2024-01-30,4925.89,4931.09,4916.27,4924.97,2599908804
2024-01-31,4899.19,4906.75,4845.15,4845.65,3304847212
2024-02-01,4861.11,4906.97,4853.52,4906.19,2850372778
2024-02-02,4916.06,4975.29,4907.99,4958.61,2805437389
2024-02-05,4957.19,4957.19,4918.09,4942.81,2594978093
2024-02-06,4950.16,4957.77,4934.88,4954.23,2488633314
2024-02-07,4973.05,4999.89,4969.05,4995.06,2600464337
2024-02-08,4995.16,5000.4,4987.09,4997.91,2439217345
2024-02-09,5004.17,5030.06,5000.34,5026.61,2314039033
2024-02-12,5026.83,5048.39,5016.83,5021.84,2243585026
2024-02-13,4967.94,4971.3,4920.31,4953.17,2596243811
2024-02-14,4976.44,5002.52,4956.45,5000.62,2324738755
2024-02-15,5003.14,5032.72,4999.44,5029.73,2448592265
2024-02-16,5031.13,5038.7,4999.52,5005.57,2321398576
2024-02-20,4989.32,4993.71,4955.02,4975.51,2479202447
2024-02-21,4963.03,4983.21,4946,4981.8,2285353273
2024-02-22,5038.83,5094.39,5038.83,5087.03,2587708301
2024-02-23,5100.92,5111.06,5081.46,5088.8,2261782711
2024-02-26,5093,5097.66,5068.91,5069.53,2259650376
2024-02-27,5074.6,5080.69,5057.29,5078.18,2154332795
2024-02-28,5067.2,5077.37,5058.35,5069.76,2091422108
2024-02-29,5085.36,5104.99,5061.89,5096.27,3317173868
2024-03-01,5098.51,5140.33,5094.16,5137.08,2477695327
2024-03-04,5130.99,5149.67,5127.18,5130.95,2818607654
2024-03-05,5110.52,5114.54,5056.82,5078.65,2679706658
2024-03-06,5108.03,5127.97,5092.22,5104.76,2601927495
2024-03-07,5132.38,5165.62,5128.21,5157.36,2385022115
2024-03-08,5164.46,5189.26,5117.5,5123.69,2426961467
2024-03-11,5111.96,5124.66,5091.14,5117.94,2202734060
2024-03-12,5134.3,5179.87,5114.48,5175.27,2310772429
2024-03-13,5173.49,5179.14,5151.88,5165.31,2415696749
2024-03-14,5175.14,5176.85,5123.3,5150.48,2640696835
2024-03-15,5123.31,5136.86,5104.35,5117.09,5130706705
2024-03-18,5154.77,5175.6,5145.47,5149.42,2399639733
2024-03-19,5139.09,5180.31,5131.59,5178.51,2203396793
2024-03-20,5181.69,5226.19,5171.55,5224.62,2325178060
2024-03-21,5253.43,5261.1,5240.66,5241.53,2526285033
2024-03-22,5242.48,5246.09,5229.87,5234.18,2016955324
2024-03-25,5219.52,5229.09,5216.09,5218.19,2087907897
2024-03-26,5228.85,5235.16,5203.42,5203.58,2263813090
2024-03-27,5226.31,5249.26,5213.92,5248.49,2286418193
2024-03-28,5248.03,5264.85,5245.82,5254.35,2404021251
2024-04-01,5257.97,5263.95,5229.2,5243.77,1976432105
2024-04-02,5204.29,5208.34,5184.05,5205.81,2374146858
2024-04-03,5194.37,5228.75,5194.37,5211.49,2287219066
2024-04-04,5244.05,5256.59,5146.06,5147.21,2526870842
2024-04-05,5158.95,5222.18,5157.21,5204.34,2189563251
2024-04-08,5211.37,5219.57,5197.35,5202.39,2000910024
2024-04-09,5217.03,5224.81,5160.78,5209.91,2035068912
2024-04-10,5167.88,5178.43,5138.7,5160.64,2297703488
2024-04-11,5172.95,5211.78,5138.77,5199.06,2225501129
2024-04-12,5171.51,5175.03,5107.94,5123.41,2437575759
2024-04-15,5149.67,5168.43,5052.47,5061.82,2319451668
2024-04-16,5064.59,5079.84,5039.83,5051.41,2347349557
2024-04-17,5068.97,5077.96,5007.25,5022.21,2295627862
2024-04-18,5031.52,5056.66,5001.89,5011.12,2217368600
2024-04-19,5005.44,5019.02,4953.56,4967.23,2735280288
2024-04-22,4987.33,5038.84,4969.4,5010.6,2352808739
2024-04-23,5028.85,5076.12,5027.96,5070.55,2346599683
2024-04-24,5084.86,5089.48,5047.02,5071.63,2548618761
2024-04-25,5019.88,5057.75,4990.58,5048.42,2714067024
2024-04-26,5084.65,5114.62,5073.14,5099.96,2411681661
2024-04-29,5114.13,5123.49,5088.65,5116.17,2358542839
2024-04-30,5103.78,5110.83,5035.31,5035.69,2794500429
2024-05-01,5029.03,5096.12,5013.45,5018.39,2897659203
2024-05-02,5049.32,5073.21,5011.05,5064.2,2623809616
2024-05-03,5122.78,5139.12,5101.22,5127.79,2454686447
2024-05-06,5142.42,5181,5142.42,5180.74,2196280800
2024-05-07,5187.2,5200.23,5178.96,5187.7,2293458854
2024-05-08,5168.98,5191.95,5165.86,5187.67,2107757418
2024-05-09,5189.03,5215.3,5180.41,5214.08,1975552229
2024-05-10,5225.49,5239.66,5209.68,5222.68,1878510189
2024-05-13,5233.08,5237.26,5211.16,5221.42,1961589631
2024-05-14,5221.1,5250.37,5217.98,5246.68,2035819885
2024-05-15,5263.26,5311.76,5263.26,5308.15,2316274995
2024-05-16,5310.07,5325.49,5296.19,5297.1,2208658193
2024-05-17,5303.1,5305.45,5283.59,5303.27,1970449920
2024-05-20,5305.35,5325.32,5302.4,5308.13,1850085770
2024-05-21,5298.69,5324.32,5297.87,5321.41,1989595940
2024-05-22,5319.28,5323.18,5286.01,5307.01,2094854091
2024-05-23,5340.26,5341.88,5256.93,5267.84,2298491779
2024-05-24,5281.45,5311.65,5278.39,5304.72,1742668171
2024-05-28,5315.91,5315.91,5280.89,5306.04,2121768716
2024-05-29,5278.73,5282.27,5262.7,5266.95,2262811675
2024-05-30,5259.77,5260.21,5222.1,5235.48,2347065836
2024-05-31,5243.21,5280.33,5191.68,5277.51,3926771337
2024-06-03,5297.15,5302.11,5234.32,5283.4,2312234085
2024-06-04,5278.24,5298.8,5257.63,5291.34,2176202870
2024-06-05,5314.48,5354.16,5297.64,5354.03,2173890233
2024-06-06,5357.8,5362.35,5335.36,5352.96,2038598824
2024-06-07,5343.81,5375.08,5331.33,5346.99,1873173209
2024-06-10,5341.22,5365.79,5331.52,5360.79,2464401855
2024-06-11,5353,5375.95,5327.25,5375.32,2345183455
2024-06-12,5409.13,5447.25,5409.13,5421.03,2719670709
2024-06-13,5441.93,5441.93,5402.51,5433.74,2422956962
2024-06-14,5424.08,5432.39,5403.75,5431.6,2263451050
2024-06-17,5431.11,5488.5,5420.4,5473.23,2441679412
2024-06-18,5476.15,5490.38,5471.32,5487.03,2464316280
2024-06-20,5499.99,5505.53,5455.56,5473.17,2911217741
2024-06-21,5466.77,5478.31,5452.03,5464.62,5250419839
2024-06-24,5459.58,5490.66,5447.59,5447.87,2784702853
2024-06-25,5460.73,5472.88,5446.56,5469.3,2621644040
2024-06-26,5460.71,5483.14,5451.87,5477.9,2599403409
2024-06-27,5473.59,5490.81,5467.54,5482.87,2479600758
2024-06-28,5488.48,5523.64,5451.12,5460.48,4197548072
2024-07-01,5471.08,5479.55,5446.53,5475.09,2433991467
2024-07-02,5461.84,5509.69,5458.43,5509.01,2342512009
2024-07-03,5507.44,5539.27,5507.42,5537.02,1561072809
2024-07-05,5537.91,5570.33,5531.63,5567.19,2263729908
2024-07-08,5572.75,5583.11,5562.51,5572.85,2332765276
2024-07-09,5584.24,5590.75,5574.57,5576.98,2413050509
2024-07-10,5591.26,5635.39,5586.44,5633.91,2301402646
2024-07-11,5635.21,5642.45,5576.53,5584.54,2887487972
2024-07-12,5590.76,5655.56,5590.44,5615.35,2472649993
2024-07-15,5638.16,5666.94,5614.75,5631.22,2410721815
2024-07-16,5644.09,5669.67,5639.02,5667.2,2528071451
2024-07-17,5610.07,5622.49,5584.81,5588.27,3173114918
2024-07-18,5608.56,5614.05,5522.81,5544.59,2935073001
2024-07-19,5543.37,5557.5,5497.04,5505,2649224224
2024-07-22,5544.54,5570.36,5529.04,5564.41,2525550865
2024-07-23,5565.3,5585.34,5550.9,5555.74,2425966152
2024-07-24,5505.84,5508.04,5419.98,5427.13,3050597564
2024-07-25,5428.7,5491.59,5390.95,5399.22,3529408636
2024-07-26,5433.67,5488.32,5430.7,5459.1,2644512496
2024-07-29,5476.55,5487.74,5444.44,5463.54,2380028599
2024-07-30,5478.73,5489.46,5401.7,5436.44,3024984923
2024-07-31,5505.59,5551.51,5493.75,5522.3,3466915317
2024-08-01,5537.84,5566.16,5410.42,5446.68,3465998526
2024-08-02,5376.63,5383.89,5302.03,5346.56,4005791030
2024-08-05,5151.14,5250.89,5119.26,5186.33,4013798197
2024-08-06,5206.42,5312.34,5193.56,5240.03,3179578829
2024-08-07,5293.13,5330.64,5195.54,5199.5,2994459938
2024-08-08,5252.57,5328.03,5233.85,5319.31,2714860214
2024-08-09,5314.66,5358.67,5300.84,5344.16,2195024918
2024-08-12,5351.88,5371.2,5324.37,5344.39,2285608247
2024-08-13,5376.98,5436.5,5376.98,5434.43,2602423658
2024-08-14,5442.36,5463.22,5415.91,5455.21,2352132914
2024-08-15,5501.13,5546.23,5501.13,5543.22,2676735788
2024-08-16,5530.5,5561.98,5525.17,5554.25,2290560567
2024-08-19,5557.23,5608.3,5550.74,5608.25,2091521270
2024-08-20,5602.88,5620.51,5585.5,5597.12,2143953087
2024-08-21,5603.09,5632.68,5591.57,5620.85,2043181668
2024-08-22,5637.77,5643.22,5560.95,5570.64,2229614521
2024-08-23,5602.49,5641.82,5585.16,5634.61,2217187088
2024-08-26,5639.66,5651.62,5602.34,5616.84,2019362094
2024-08-27,5602.89,5631.18,5593.48,5625.8,1985907243
2024-08-28,5624.51,5627.03,5560.95,5592.18,2195175203
2024-08-29,5607.3,5646.95,5583.71,5591.96,2330884305
2024-08-30,5612.74,5651.37,5581.79,5648.4,2763540635
2024-09-03,5623.89,5623.89,5504.33,5528.93,2918660358
2024-09-04,5506.68,5552.99,5503.66,5520.07,2507929516
2024-09-05,5520.08,5546.3,5480.54,5503.41,2459175279
2024-09-06,5507.33,5522.47,5402.62,5408.42,2846447424
2024-09-09,5442.07,5484.2,5434.49,5471.05,2596711180
2024-09-10,5490.51,5497.91,5441.72,5495.52,2556010161
2024-09-11,5496.42,5560.41,5406.96,5554.13,2840609874
2024-09-12,5557.48,5600.71,5535.5,5595.76,2599880993
2024-09-13,5603.34,5636.27,5601.65,5626.02,2218001699
2024-09-16,5615.21,5636.05,5604.53,5633.09,2355704324
2024-09-17,5655.51,5670.81,5614.05,5634.58,2352005863
2024-09-18,5641.68,5689.75,5615.08,5618.26,2478222849
2024-09-19,5702.63,5733.57,5686.42,5713.64,2802061343
2024-09-20,5709.64,5715.14,5674.49,5702.55,5746133311
2024-09-23,5711.9,5725.36,5704.22,5718.57,2421690533
2024-09-24,5727.66,5735.32,5698.99,5732.93,2560831360
2024-09-25,5733.65,5741.03,5712.06,5722.26,2461681291
2024-09-26,5762.22,5767.37,5721.01,5745.37,2772978914
2024-09-27,5755.36,5763.78,5727.34,5738.17,2330866872
2024-09-30,5726.52,5765.14,5703.53,5762.48,2525809879
2024-10-01,5757.73,5757.73,5681.28,5708.75,2660892168
2024-10-02,5698.14,5719.63,5674,5709.54,2249151383
2024-10-03,5698.19,5718.78,5677.37,5699.94,2210219663
2024-10-04,5737.48,5753.21,5702.83,5751.07,2221127200
2024-10-07,5737.8,5739.34,5686.85,5695.94,2292762825
2024-10-08,5719.14,5757.6,5714.56,5751.13,2187473625
2024-10-09,5751.8,5796.8,5745.02,5792.04,2172928121
2024-10-10,5778.36,5795.03,5764.76,5780.05,2067810368
2024-10-11,5775.09,5822.13,5775.09,5815.03,2127780848
2024-10-14,5829.81,5871.41,5829.57,5859.85,1983168494
2024-10-15,5866.74,5870.36,5804.48,5815.26,2826023465
2024-10-16,5816.58,5846.52,5808.34,5842.47,2269908582
2024-10-17,5875.62,5878.46,5840.25,5841.47,2347819901
2024-10-18,5859.43,5872.17,5846.11,5864.67,2151748587
2024-10-21,5857.82,5866.92,5824.79,5853.98,2106670973
2024-10-22,5832.7,5863.04,5821.17,5851.2,2281964492
2024-10-23,5834.5,5834.85,5762.41,5797.42,2403900391
2024-10-24,5817.8,5817.8,5784.92,5809.86,2309079983
2024-10-25,5826.75,5862.82,5799.98,5808.12,2285689375
2024-10-28,5833.93,5842.92,5823.08,5823.52,2229819590
2024-10-29,5819.68,5847.19,5802.17,5832.92,2703268392
2024-10-30,5832.65,5850.94,5811.28,5813.67,2883407623
2024-10-31,5775.34,5775.34,5702.86,5705.45,3348081587
2024-11-01,5723.22,5772.52,5723.22,5728.8,2795181639
2024-11-04,5725.15,5741.43,5696.51,5712.69,2435296825
2024-11-05,5722.43,5783.44,5722.1,5782.76,2415526221
2024-11-06,5864.89,5936.14,5864.89,5929.04,4188415588
2024-11-07,5947.21,5983.84,5947.21,5973.1,3113022582
2024-11-08,5976.76,6012.45,5976.76,5995.54,2776355347
2024-11-11,6008.86,6017.31,5986.69,6001.35,2765183831
2024-11-12,6003.6,6009.92,5960.08,5983.99,2635771640
2024-11-13,5985.75,6008.19,5965.91,5985.38,2606607974
2024-11-14,5989.68,5993.88,5942.28,5949.17,2650482299
2024-11-15,5912.79,5915.32,5853.01,5870.62,3307311778
2024-11-18,5874.17,5908.12,5865.95,5893.62,2873987244
2024-11-19,5870.05,5923.51,5855.29,5916.98,2728398371
2024-11-20,5914.34,5920.67,5860.56,5917.11,2623316625
2024-11-21,5940.58,5963.32,5887.26,5948.71,2889328509
2024-11-22,5944.36,5972.9,5944.36,5969.34,2642080825
2024-11-25,5992.28,6020.75,5963.91,5987.37,3980582178
2024-11-26,6000.03,6025.42,5992.27,6021.63,2440492719
2024-11-27,6014.11,6020.16,5984.87,5998.74,2099481940
2024-11-29,6003.98,6044.17,6003.98,6032.38,1465439728
2024-12-02,6040.11,6053.58,6035.33,6047.15,2758054562
2024-12-03,6042.97,6052.07,6033.39,6049.88,2655568059
2024-12-04,6069.39,6089.84,6061.06,6086.49,2712321623
2024-12-05,6089.03,6094.55,6072.9,6075.11,2675005481
2024-12-06,6081.38,6099.97,6079.98,6090.27,2526693758
2024-12-09,6083.01,6088.51,6048.63,6052.85,2941794303
2024-12-10,6057.59,6065.4,6029.89,6034.91,2802540531
2024-12-11,6060.15,6092.59,6060.15,6084.19,2908653941
2024-12-12,6074.29,6079.68,6051.25,6051.25,2407534449
2024-12-13,6068.17,6078.58,6035.77,6051.09,2525493236
2024-12-16,6063.79,6085.19,6059.14,6074.08,3113591762
2024-12-17,6052.55,6057.68,6035.19,6050.61,3038427124
2024-12-18,6047.65,6070.67,5867.79,5872.16,3400301958
2024-12-19,5912.71,5935.52,5866.07,5867.08,3296178745
2024-12-20,5842,5982.06,5832.3,5930.85,6423401075
2024-12-23,5940.25,5978.25,5902.57,5974.07,2322849535
2024-12-24,5984.63,6040.1,5981.44,6040.04,1133216588
2024-12-26,6024.97,6049.75,6007.37,6037.59,1506250902
2024-12-27,6006.17,6006.17,5932.95,5970.84,1817797977
2024-12-30,5920.67,5940.79,5869.16,5906.94,1943393216
2024-12-31,5919.74,5929.74,5868.86,5881.63,1796606528
2025-01-02,5903.26,5935.09,5829.53,5868.55,2248974081
2025-01-03,5891.07,5949.34,5888.66,5942.47,2208965666
2025-01-06,5982.81,6021.04,5960.01,5975.38,2825734456
2025-01-07,5993.26,6000.68,5890.68,5909.03,2695892906
2025-01-08,5910.66,5927.89,5874.78,5918.25,2552763188
2025-01-10,5890.35,5890.35,5807.78,5827.04,3074140013
2025-01-13,5782.02,5838.61,5773.31,5836.22,2734604885
2025-01-14,5859.27,5871.92,5805.42,5842.91,2456378108
2025-01-15,5905.21,5960.61,5905.21,5949.91,2766846545
2025-01-16,5963.61,5964.69,5930.72,5937.34,2536020064
2025-01-17,5995.4,6014.96,5978.44,5996.66,3000130402
2025-01-21,6014.12,6051.51,6006.88,6049.24,3098927599
2025-01-22,6081.39,6100.81,6076.13,6086.37,2882204031
2025-01-23,6076.32,6118.73,6074.67,6118.71,2490857980
2025-01-24,6121.43,6128.18,6088.74,6101.24,2521445434
2025-01-27,5969.04,6017.17,5962.92,6012.28,4121065675
2025-01-28,6026.97,6074.54,5994.63,6067.7,3367907580
2025-01-29,6057.7,6062.83,6012.96,6039.31,2912197567
2025-01-30,6050.75,6086.64,6027.46,6071.17,3095917460
2025-01-31,6096.79,6120.91,6030.93,6040.53,3538446119
2025-02-03,5969.65,6022.13,5923.93,5994.57,3330237167
2025-02-04,5998.14,6042.48,5990.87,6037.88,3123611016
2025-02-05,6020.45,6062.86,6007.06,6061.48,3180982517
2025-02-06,6072.22,6084.03,6046.83,6083.57,3123712582
2025-02-07,6083.13,6101.28,6019.96,6025.99,2940934310
2025-02-10,6046.4,6073.38,6044.84,6066.44,2770081402
2025-02-11,6049.32,6076.28,6042.34,6068.5,2804797291
2025-02-12,6025.08,6063,6003,6051.97,2900610176
2025-02-13,6060.59,6116.91,6050.95,6115.07,2971515778
2025-02-14,6115.52,6127.47,6107.62,6114.63,2829179249
2025-02-18,6121.6,6129.63,6099.51,6129.58,3288056630
2025-02-19,6117.76,6147.43,6111.15,6144.15,3068012369
2025-02-20,6134.5,6134.5,6084.59,6117.52,2972975947
2025-02-21,6114.1,6114.82,6008.56,6013.13,3429439969
2025-02-24,6026.69,6043.65,5977.83,5983.25,3277532553
2025-02-25,5982.73,5992.65,5908.49,5955.25,3514532613
2025-02-26,5970.87,6009.82,5932.69,5956.06,3010698433
2025-02-27,5981.88,5993.69,5858.78,5861.57,3363296300
2025-02-28,5856.74,5959.4,5837.66,5954.5,4324759998
2025-03-03,5968.33,5986.09,5810.91,5849.72,3643065709
2025-03-04,5811.98,5865.08,5732.59,5778.15,4292552884
2025-03-05,5781.36,5860.59,5742.35,5842.63,3358765660
2025-03-06,5785.87,5812.08,5711.64,5738.52,3374067793
2025-03-07,5726.01,5783.01,5666.29,5770.2,3989438816
2025-03-10,5705.37,5705.37,5564.02,5614.56,4360082077
2025-03-11,5603.65,5636.3,5528.41,5572.07,4149151870
2025-03-12,5624.84,5642.19,5546.09,5599.3,3479733142
2025-03-13,5594.45,5597.78,5504.65,5521.52,3339958710
2025-03-14,5563.85,5645.27,5563.85,5638.94,3014214616
2025-03-17,5635.6,5703.52,5631.12,5675.12,2990890037
2025-03-18,5654.53,5654.53,5597.76,5614.66,2920470375
2025-03-19,5632.37,5715.33,5622.2,5675.29,3036779615
2025-03-20,5646.92,5711.15,5632.33,5662.89,2850149846
2025-03-21,5630.73,5670.84,5603.1,5667.56,6488692228
2025-03-24,5718.08,5775.14,5718.08,5767.57,3047868018
2025-03-25,5775.96,5786.95,5760.42,5776.65,2701963544
2025-03-26,5771.66,5783.62,5694.41,5712.2,2886232743
2025-03-27,5695.64,5732.28,5670.94,5693.31,2832194159
2025-03-28,5679.2,5685.89,5572.42,5580.94,2841143271
2025-03-31,5527.91,5627.56,5488.73,5611.85,3678236098
2025-04-01,5597.53,5650.57,5558.52,5633.07,2806321225
2025-04-02,5580.76,5695.31,5571.48,5670.97,2785811866
2025-04-03,5492.74,5499.53,5390.83,5396.52,5005321892
2025-04-04,5292.14,5292.14,5069.9,5074.08,6086848913
2025-04-07,4953.79,5246.57,4835.04,5062.25,6290342696
2025-04-08,5193.57,5267.47,4910.42,4982.77,5129379581
2025-04-09,4965.28,5481.34,4948.43,5456.9,6714323344
2025-04-10,5353.15,5353.15,5115.27,5268.05,4827946954
2025-04-11,5255.56,5381.46,5220.77,5363.36,3769018345
2025-04-14,5441.96,5459.46,5358.02,5405.97,3287277699
2025-04-15,5411.99,5450.41,5386.44,5396.63,2856819167
2025-04-16,5335.75,5367.24,5220.79,5275.7,3352865807
2025-04-17,5305.45,5328.31,5255.58,5282.7,3153699686
2025-04-21,5232.94,5232.94,5101.63,5158.2,2968348904
2025-04-22,5207.67,5309.61,5207.67,5287.76,3110055926
2025-04-23,5395.92,5469.69,5356.17,5375.86,3557338239
2025-04-24,5381.38,5489.4,5371.96,5484.77,3167406758
2025-04-25,5489.73,5528.11,5455.86,5525.21,2948448664
2025-04-28,5529.22,5553.66,5468.64,5528.75,2781484249
2025-04-29,5508.87,5571.95,5505.7,5560.83,2873460382
2025-04-30,5499.44,5581.84,5433.24,5569.06,3778234782
2025-05-01,5625.14,5658.91,5597.35,5604.14,3254820687
2025-05-02,5645.88,5700.7,5642.28,5686.67,3023303433
2025-05-05,5655.32,5683.38,5634.48,5650.38,2704187234
2025-05-06,5605.87,5649.58,5586.04,5606.91,2819089147
2025-05-07,5614.18,5654.73,5578.64,5631.28,3217062436
2025-05-08,5663.6,5720.1,5635.38,5663.94,3223260422
2025-05-09,5679.65,5691.69,5644.15,5659.91,2455756301
2025-05-12,5807.2,5845.37,5786.08,5844.19,3760355072
2025-05-13,5854.15,5906.64,5845.02,5886.55,3560150856
2025-05-14,5896.74,5906.55,5872.11,5892.58,3460287578
2025-05-15,5869.82,5924.21,5865.16,5916.93,3162012704
2025-05-16,5929.09,5958.62,5907.36,5958.38,2964380123
2025-05-19,5902.88,5968.61,5895.69,5963.6,2570089512
2025-05-20,5944.66,5953.06,5909.26,5940.46,2548764044
2025-05-21,5910.18,5938.37,5830.91,5844.61,3120335266
2025-05-22,5841.26,5878.08,5825.82,5842.01,2780476653
2025-05-23,5781.89,5829.51,5767.41,5802.82,2552789941
2025-05-27,5854.07,5924.33,5854.07,5921.54,2908886707
2025-05-28,5925.54,5939.92,5881.88,5888.55,2671435626
2025-05-29,5939.96,5943.13,5873.8,5912.17,2860740970
2025-05-30,5903.67,5922.14,5843.66,5911.69,4815797845
2025-06-02,5896.68,5937.4,5861.43,5935.94,2765357514
2025-06-03,5938.56,5981.35,5929,5970.37,2995303857
2025-06-04,5978.94,5990.48,5966.11,5970.81,2682443108
2025-06-05,5985.67,5999.7,5921.2,5939.3,3140507873
2025-06-06,5987.06,6016.87,5978.63,6000.36,2556627346
2025-06-09,6004.63,6021.31,5994.18,6005.88,2893721501
2025-06-10,6009.91,6043.01,6000.28,6038.81,3011278347
2025-06-11,6049.38,6059.4,6002.32,6022.24,2981333190
2025-06-12,6009.9,6045.43,6003.88,6045.26,2623578843
2025-06-13,6000.56,6026.16,5963.21,5976.97,3029890480
2025-06-16,6004,6050.83,6004,6033.11,2880110512
2025-06-17,6012.15,6023.25,5974.8,5982.72,2853845438
2025-06-18,5987.93,6018.25,5971.89,5980.87,2951831932
2025-06-20,5999.67,6018.2,5952.56,5967.84,5195984630
2025-06-23,5969.67,6028.77,5943.23,6025.17,3270234044
2025-06-24,6061.21,6101.76,6059.25,6092.18,3291211984
2025-06-25,6104.23,6108.51,6080.09,6092.16,2894445051
2025-06-26,6112.09,6146.52,6107.27,6141.02,3049538066
2025-06-27,6150.7,6187.68,6132.35,6173.07,4642836205
2025-06-30,6193.36,6215.08,6174.97,6204.95,3332438031
2025-07-01,6187.25,6210.78,6177.97,6198.01,3572880894
2025-07-02,6193.88,6227.6,6188.29,6227.42,3141259934
2025-07-03,6246.46,6284.65,6246.46,6279.35,1839509804
2025-07-07,6259.04,6262.07,6201,6229.98,2760139183
2025-07-08,6234.03,6242.7,6217.75,6225.52,3027418207
2025-07-09,6243.33,6269.16,6231.43,6263.26,2808148693
2025-07-10,6266.8,6290.22,6251.44,6280.46,2818582888
2025-07-11,6255.68,6269.44,6237.6,6259.75,2631005038
2025-07-14,6255.15,6273.31,6239.22,6268.56,2705073872
2025-07-15,6295.29,6302.04,6241.68,6243.76,3107719334
2025-07-16,6254.5,6268.12,6201.59,6263.7,2960714110
2025-07-17,6263.4,6304.69,6262.27,6297.36,3025942711
2025-07-18,6312.95,6315.61,6285.27,6296.79,3037348968
2025-07-21,6304.74,6336.08,6303.79,6305.6,2661136349
2025-07-22,6306.6,6316.12,6281.71,6309.62,3003304728
2025-07-23,6326.9,6360.64,6317.49,6358.91,3241469766
2025-07-24,6368.6,6381.31,6360.57,6363.35,3369954808
2025-07-25,6370.01,6395.82,6368.53,6388.64,2983956118
2025-07-28,6397.69,6401.07,6375.79,6389.77,2844306551
2025-07-29,6405.62,6409.26,6363.92,6370.86,3254273473
2025-07-30,6381.23,6396.54,6336.38,6362.9,3332521297
2025-07-31,6427.02,6427.02,6327.64,6339.39,4089137265
2025-08-01,6287.28,6287.28,6212.69,6238.01,3624071031
2025-08-04,6271.71,6330.69,6271.71,6329.94,3003746989
2025-08-05,6336.63,6346,6289.37,6299.19,3191721992
2025-08-06,6309.3,6352.83,6301.11,6345.06,3310732124
2025-08-07,6374.32,6389.71,6310.32,6340,3120148645
2025-08-08,6355.22,6395.16,6355.22,6389.45,2798987026
2025-08-11,6389.67,6407.25,6364.06,6373.45,2870335047
2025-08-12,6395.17,6446.55,6385.76,6445.76,2880921978
2025-08-13,6462.67,6480.28,6445.02,6466.58,2961340868
2025-08-14,6453.46,6473.92,6441.07,6468.54,2792441868
2025-08-15,6477.38,6481.34,6441.85,6449.8,3142526592
2025-08-18,6445.02,6455.35,6437.7,6449.15,2597294219
2025-08-19,6446.24,6456.48,6400.22,6411.37,2958805344
2025-08-20,6406.62,6408.4,6343.86,6395.78,3043844556
2025-08-21,6380.83,6393.65,6352.71,6370.17,2424712887
2025-08-22,6384.59,6478.89,6384.59,6466.91,3062740140
2025-08-25,6457.67,6466.89,6438.06,6439.32,2512426446
2025-08-26,6435.49,6468.37,6429.21,6465.94,3240492023
2025-08-27,6462.26,6487.06,6457.84,6481.4,2956797464
2025-08-28,6483.84,6508.23,6466.96,6501.86,2609428772
2025-08-29,6489.28,6491.76,6444.57,6460.26,2542979459
2025-09-02,6401.51,6416.54,6360.58,6415.54,2887743021
2025-09-03,6445.82,6453.67,6416.17,6448.26,2808410771
2025-09-04,6456.6,6502.54,6445.98,6502.08,2747906680
2025-09-05,6529.08,6532.65,6443.98,6481.5,3166204188
2025-09-08,6498.09,6508.67,6483.29,6495.15,3028552074
2025-09-09,6503.33,6518.23,6483.08,6512.61,2709986190
2025-09-10,6550.29,6555.97,6516.34,6532.04,3189574889
2025-09-11,6554.41,6592.89,6545.8,6587.47,3259054992
2025-09-12,6590.66,6600.21,6579.49,6584.29,2986426173
2025-09-15,6603.49,6619.62,6602.07,6615.28,2916999867
